Krishna.ACT.Stem.Like,Krishna.ACT.Term.Diff,Li.CD8.DYS,TOX_Scott,Wu.8EFF,Wu.8EM,Wu.8Trm.1,Wu.8Trm.2,Wu.8Trm.3,Wu.8chrom,Wu.8Mit,Wu.8KLRB1,Oh.CD8.CD39,Oh.CD8.Naive,Oh.CD8.HSP,Oh.CD8.MAIT,Oh.CD8.FGFBP2,Oh.CD8.RPL,Oh.CD8.MITO,Oh.CD8.XCL,Oh.CD8.CM,Oh.CD8.PRO,Mel_Exhaust_Tirosh,CD8_G_Feldman,CD8_B_Feldman,Exhaust_1_Feldman,Exhaust_2_Feldman,Exhaust_3_Feldman,Mem_Eff_4_Feldman,Early.Act_5_Feldman,Mem_Eff_6_Feldman,LCMV_PROG.EX_Miller,LCMV_TERMN.EX_Miller,B16_PROG.EX_Miller,B16_TERMINAL.EX_Miller,Wu.CD4.Trm,Wu.CD4.RPL32,Wu.CD4.TCF7,Wu.CD4.FOS,Wu.CD4.IL6ST,Wu.Treg.1,Wu.Treg.2,CD3.MT,Oh.CD4.CM,Oh.CD4IL2RAHI,Oh.CD4IL2RALO,Oh.CD4.Activate,Oh.CD4.GZMB,Oh.CD4.GZMK,Oh.CD4.TH17,Oh.CD4.CXCL13,Oh.CD4.MITO,Oh.CD4.HSP,Oh.CD4.PROLIF,Oh.TIL_CD4IL2RAHI,Oh.TIL_CD4IL2RALO,Oh.TIL_CD4.GZMB,Oh.TIL_CD4.GZMK,Oliveira.TEM,Oliveira.TAct,Oliveira.TPE,Oliveira.TProl,Oliveira.TTE,Oliveira.Tumor-spec TTE,Oliveira.Tumor spec-TAct,Oliveira.Tumor spec-TPE,Oliveira.Tumor-spec TProl,Oliveira.Tumor-spec TEM,Yost_Naive,Yost_CD8_Memory,Yost_CD8 Eff mem,Yost_CD8 Activated,Yost_CD8 Act/Exh,Yost_CD8 Exh,Jansen_Stem like,Jansen_Term diff,Caushi.CD8-TRM(1),Caushi.CD8-Effector(1),Caushi.CD4-Th(1),Caushi.CD8-Effector(2),Caushi.CD4-Th(2),Caushi.CD4-Treg,Caushi.MAIT,Caushi.CD4-Tfh(1),Caushi.Stem-like memory,Caushi.CD8-TRM(2),Caushi.CD4-Tfh(2),Caushi.CD8-Effector(3),Caushi.CD4-Th(3),Caushi.CD8-MHCII,Caushi.CD8-Proliferating,Caushi.CD4CD8(I),Caushi.CD4CD8(II),Caushi.CD8.Effector(I),Caushi.CD8.Effector(II),Caushi.CD8.Effector(III),Caushi.CD8.TRM(I),Caushi.CD8.TRM(II),Caushi.CD8.TRM(III),Caushi.CD8.TRM(IV),Caushi.CD8.TRM(V),Caushi.CD8.TRM(VI),Caushi.CD8.CD4CD8(I),Caushi.CD8.CD4CD8(II),Caushi.CD8.Stem-like memory,Caushi.CD8.MAIT,Caushi.CD8.Proliferating
KLF2,ENTPD1,LAG3,IGKC,GNLY,GZMK,CCL4,KLRC2,GZMB,CCL4,HIST1H4C,KLRB1,CXCL13,GZMK,HSPA1B,CCR6,FGFBP2,RPL10,MT-CYB,XCL1,SELL,UBE2C,FCRL3,IL7R,CD38,SPC25,GEM,CCL3,LMNA,ELL2,PLAC8,ID3,1810011H11RIK,CCR6,GZMD,CRIP1,RPLP0,RPS8,FOS,IL6ST,IL32,TNFRSF4,RNR1,CCR7,IL1R2,FANK1,FOS,FGFBP2,GZMK,IL17A,CDO1,MT-CYB,HSPA1B,RRM2,IL32,ACTB,RGS1,ACTB,GYG1,EGR1,FXYD6,UBE2C,KRT86,KRT86,RDH10,RDH10,RDH10,RDH10,FTH1,CMC1,FGFBP2,FOS,CXCL13,KRT86,ENPP5,TMEM155,CD8A,GZMK,IL7R,CCL4L2,PLIN2,FOXP3,CCR6,CXCL13,SELL,KLRC1,CXCL13,NKG7,MT1X,HLA-DRA,STMN1,SELL,TNFRSF4,GZMK,HLA-DRA,GNLY,IL7R,CXCL13,MT1E,CCL5,CCL4L2,KLRC3,SELL,TNFRSF4,CCR7,KLRB1,STMN1
RASA3,CD69,HAVCR2,AVIL,NKG7,CCL4,XCL1,GNLY,NKG7,GNLY,TUBB,IL7R,AC002331.1,CST7,DNAJB1,KLRB1,PRSS23,RPS27,MT-CO2,XCL2,CCR7,SPC25,CD27,GPR183,CCL3,CDCA5,LAYN,EPSTI1,NR4A3,PFKFB3,S1PR1,CCR7,ACOXL,TCF7,GZMG,S100A4,RPS8,RPLP0,JUN,NR3C1,LTB,TNFRSF18,RNR2,PLAC8,IL2RA,IL2RA,EGR1,GZMB,CRTAM,CA2,CXCL13,MT-ND2,HSPA1A,KIAA0101,ACTB,IL32,ACTB,TMSB4X,GPR183,HSPA6,CAV1,PKMYT1,RDH10,RDH10,AFAP1L2,TYMS,TYMS,AFAP1L2,MTRNR2L8,DKK3,GNLY,JUNB,CCL3,CXCL13,PLAC8,MOXD1,LINC02446,CRTAM,AC020916.1,GZMK,CXCR6,CCR8,KLRB1,FAAH2,CCR7,LINC02446,MAF,GNLY,MT1E,HLA-DQA1,TUBB,TNFRSF4,MAGEH1,DKK3,HLA-DQA1,FCGR3A,RGCC,LINC01871,MT1X,TNFSF9,CCL4,KIR3DL2,TNFRSF4,MAGEH1,SELL,CCR6,TUBB
FGFBP2,RRM2,MYO7A,TOX,GZMH,CCL5,CCL5,KLRC3,CCL5,XCL1,TUBA1B,NCR3,TSPAN13,CRTAM,HSPA1A,IL7R,FCGR3A,RPL13A,MT-CO1,CCL4,RNF125,AURKB,PRKCH,LMNA,STMN1,ESCO2,VCAM1,CD38,GPR183,DTHD1,SORL1,CD83,CD244,AFF3,GZMF,ACTB,RPS12,RPS12,JUNB,ICOS,ICOS,GAPDH,BMS1P20,CMTM8,EBI3,AC002331.1,FOSB,KLRD1,CCL5,CTSH,IGFL2,MT-ATP6,DNAJB1,UBE2C,HSPA1A,B2M,DUSP4,HSPA1A,GZMM,FOS,GNG4,BIRC5,ACP5,HMOX1,MYO1E,GNG4,AFAP1L2,MYO1E,TNFRSF4,EOMES,GZMB,IFNG,LAG3,LAYN,RAPGEF5,TMCC2,CD8B,ENC1,IL2,CCL4,CD40LG,CTLA4,IL7R,NR3C1,S1PR1,XCL1,PTPN13,GZMH,S100A11,HLA-DQB1,MKI67,SESN3,CCR8,CST7,GZMK,NKG7,LDLRAD4,RBPJ,MT1F,GZMA,IFNG,XCL1,SESN3,CCR8,IL7R,AQP3,PCLAF
CDC25B,TYMS,GBP2,KLRB1C,CST7,CST7,CD69,CCL5,GZMA,RN7SK,HMGN2,LTB,ACP5,ITM2C,HSPA6,TMIGD2,GNLY,RPS19,MT-CO3,AC092580.4,YBX3,DLGAP5,B2M,NR4A3,MYO7A,CDC45,RDH10,FASLG,CDKN1A,SMAP2,SELL,BACE2,RASD2,CXCR5,GZME,SH3BGRL3,RPL39,EEF1A1,IL7R,BATF,TNFRSF4,PKM,ND3,SH3YL1,AC145110.1,RTKN2,MIR24-2,GNLY,CCL4,TMIGD2,CPM,MT-CO1,ZFAND2A,TK1,DNAJB1,CD74,HSPA1A,DNAJB1,MBP,HSPA1B,XCL1,CDCA5,CXCR6,AFAP1L2,TNS3,CXCL13,MYO1E,TNS3,IL7R,CST7,KLRD1,NFKBIA,MIR155HG,ACP5,CCR6,BHLHE40-AS1,KLRC1,CST7,KLRB1,CRTAM,ALOX5AP,CARD16,IL4I1,TNFSF8,KLF3,TYROBP,KLRB1,S1PR5,YWHAH,HLA-DRB1,TYMS,CD40LG,BATF,YPEL5,HLA-DRB1,KLRF1,TSC22D3,CTLA4,PDCD1,TXNIP,XCL2,LINC02446,CD40LG,BATF,LEF1,IL7R,TYMS
TCF7,CD8B,GALNT1,MEGF11,KLRD1,DUSP2,ZFP36,XCL1,GNLY,TNFAIP3,GAPDH,GZMK,KRT86,GPR183,ZFAND2A,LTB,S1PR5,RPS2,MT-ATP6,ZFP36,CNOT6L,BIRC5,ITM2A,TCF7,GOLIM4,ZWINT,FAM3C,IFI44L,CCR7,FKBP5,TCF7,ITGA7,FCER1G,DAPL1,DSC2,S100A11,RPS18,LTB,DNAJB1,ITM2A,BATF,BATF,COX3,C1orf162,TNFRSF4,TNFRSF9,CD69,GZMH,NKG7,KLRB1,G0S2,MT-CO2,DNAJB4,TYMS,HLA-C,HLA-A,GAPDH,HSP90AA1,ANXA2,GADD45B,CRTAM,MKI67,HMOX1,ACP5,TNFSF4,AFAP1L2,TNS3,TNFSF4,PABPC1,SH2D1A,FCGR3A,TNF,HLA-DRB5,GZMB,IL18R1,PTPRF,XCL1,GZMA,GPR183,GZMA,GNA15,RTKN2,RORA,SESN3,TCF7,KLRD1,CD4,GZMB,LGALS3,CD74,TUBA1B,NR3C1,CTLA4,CXCR5,HLA-DQB1,KLRG1,IGFBP3,ALOX5AP,CXCL13,TSC22D1,TNFSF9,XCL2,NR3C1,CTLA4,PASK,RORA,TUBA1B
C10orf54,KIAA0101,PDCD1,SCD1,GZMB,CD74,CD8A,XCL2,GZMH,KLF6,H2AFZ,RPLP0,LAYN,CLDND1,BAG3,GPR183,C1orf21,RPS27A,MT-ND2,RGCC,EZR,RRM2,TIGIT,MGAT4A,VCAM1,SHCBP1,KIR2DL4,GIMAP6,S1PR1,AIM1,CCR7,TNFSF11,OSGIN1,ID3,RASD2,ALOX5AP,RPL18A,RPS13,DUSP1,CORO1B,MIR4435-1HG,ICOS,COX1,ANXA1,C14orf182,RP11-1399P15.1,JUN,CCL5,GZMA,CCL20,NMB,MT-ND1,HSPB1,BIRC5,B2M,HSPA1A,CD2,PTPRCAP,ANXA1,NR4A1,CXCL13,AURKB,LAYN,MYO1E,AKAP5,MYO1E,TNFSF4,AKAP5,GLIPR1,GZMK,TYROBP,DUSP1,TNFSF4,GALNT2,SSBP2,NR5A2,GZMB,SH2D1A,CD40LG,HLA-DRB1,ANKRD28,BATF,AQP3,PASK,GPR183,KIR2DL4,TNFRSF18,CCL4,TXN,HLA-DPA1,CENPF,CH25H,FOXP3,COTL1,CD74,C1orf21,PGK1,GZMB,CRIP1,CCL4L2,CCL3,KIR2DL3,CH25H,FOXP3,KLF3,LTB,RRM2
LINC00861,CCL3,TNFRSF1B,RP23-284K1.6,CCL5,GZMA,XCL2,CCL4,ACTB,IFNG,HMGB1,GNLY,TNFRSF18,CMC1,FOS,CCR7,LAIR2,RPS14,MT-ND4,CD7,RGCC,CCNB2,ID3,CD55,WARS,DLGAP5,TNFRSF18,TRAFD1,KDM6B,TMEM39A,IL7R,IL1R2,CCL6,SLAMF6,CCL9,VIM,RPL32,RPS6,HSPA1A,CD74,CD27,MIR155HG,CYTB,SPINT2,CADM1,SAT1,DUSP1,NKG7,IL10,AMICA1,CH25H,MT-CO3,HSPA6,CCNB2,CD74,DNAJB1,HSP90AA1,PFN1,IL7R,FOSB,GEM,CCNA2,CLIC3,LAYN,HAVCR2,TNS3,AKAP5,HAVCR2,GPR183,CD8A,PRF1,CCL4,HLA-DRB1,ENTPD1,GALNT3,FZD6,CCL5,DKK3,DPP4,CCL5,S100A4,TNFRSF4,AC245014.3,TSHZ2,SC5D,KLRC3,CTLA4,CCL4L2,S100A6,IL1B,HMGB2,BATF,TNFRSF18,YBX3,TNFRSF9,KLRD1,ANKRD28,PDCD1,ADGRE5,CD74,FABP5,KIR3DL1,BATF,TNFRSF18,S1PR1,IL4I1,CXCL13
FAM65B,TUBA1B,CTLA4,PIF1,PRF1,NKG7,TSC22D3,KLRD1,CCL4,ANXA1,HMGB2,EEF1A1,KLRC2,CD74,SERPINH1,RORA,CEP78,RPL34,MT-ND1,ZFP36L2,RNF19A,APOBEC3B,GBP2,AIM1,HAVCR2,RAD51,MTSS1,LGALS9,ELL2,NR4A3,MGAT4A,SOSTDC1,CD200R2,OTX1,LTF,S100A6,RPL13,RPS3A,ZFP36,TNFRSF4,TIGIT,TNFRSF1B,ND4L,CD55,LAIR2,PMAIP1,KLF6,CCL4,GZMH,IL4I1,DTHD1,MT-ND4,HSP90AA1,MKI67,OAZ1,HSP90AA1,JUN,CACYBP,S100A10,ATF3,XCL2,HIST1H1B,HAVCR2,TNS3,ENTPD1,TNFSF4,HAVCR2,ENTPD1,LMNA,TRAT1,GZMH,JUN,RGS1,AHI1,MPP7,P2RY1,KLRD1,CCL5,SESN1,NKG7,RBPJ,IL2RA,GPR65,PTPN13,FAAH2,GZMB,SNX9,PRF1,ADGRE5,CD79A,UBE2C,IL7R,IL2RA,LDHA,HLA-DRB5,SPON2,SMIM3,TNS3,AC243829.4,CD52,CXCL13,KRT86,IL7R,IL2RA,BACH2,TLE1,H2AFZ
RASGRP2,MKI67,TNFRSF9,TNFRSF8,IFITM2,CCL3,FOS,NKG7,CD8A,CCL5,TPI1,NFKBIA,SOX4,CCR7,HSPB1,CD55,GZMH,MALAT1,MT-ND5,CD69,AIM1,CDCA8,PDCD1,PER1,LGALS9,KIF18B,CADM1,CXCR6,TIPARP,PER1,FAM65B,DAPL1,GM10389,CD22,CCR1,PFN1,RPS13,RPL13,FOSB,TIGIT,RGS1,IL32,ATP6,SESN3,TNFRSF18,IL32,GADD45B,GZMA,CHI3L2,AC092580.4,ITPR1,MT-ND4L,SERPINH1,GGH,CACYBP,GAPDH,CD3D,CD3D,TCF7,DNAJB1,FXYD2,KIF15,AC243829.4,TNFSF4,SLC2A8,AKAP5,ENTPD1,SLC2A8,SESN3,MT1F,S1PR5,SLC2A3,HLA-DQB1,TIGIT,KLF3,TOX2,ZNF683,SRRT,TSC22D3,CD74,KLRB1,TBC1D4,TTC39C,MAGEH1,LTB,XCL2,LAG3,CTSW,EMP3,CD83,TOP2A,CCR7,ICA1,ITGA5,VCAM1,KLRC3,NBL1,HLA-DQA1,S100A6,CCL4,HMOX1,KLRC2,CCR7,ICA1,GPR183,NINJ1,CCNA2
IL7R,UBE2C,KIR2DL4,TMEM163,IFITM3,CD8B,ZNF683,ZNF683,PFN1,LOC101060038,PFN1,PRF1,ENTPD1,TRAT1,JUN,EEF1A1,NKG7,RPS4X,MT-ND3,KLF6,CREM,GTSE1,KLRK1,FOSL2,ID3,RRM2,ENTPD1,RAB37,SC5D,TSPYL2,LTB,BMP7,CDK14,TNFRSF25,1810011H11RIK,CD52,RPL34,RPL32,NFKBIA,SOD1,UCP2,S100A4,ATP8,MYC,FANK1,LAYN,TCF7,CCL3,ITM2C,CAPG,NUDT16,MT-ND5,HSPE1,RAD51AP1,PMAIP1,OAZ1,CD7,HSPA1B,PIK3R1,DUSP1,HLA-DRA,UHRF1,PRF1,AKAP5,AC243829.4,HAVCR2,SLC2A8,AC243829.4,KLRB1,MT1E,NKG7,HSPA1B,HAVCR2,SOX4,RASGRF2,PIP5K1B,SPRY1,CLDND1,PLAC8,CST7,SAMSN1,MAGEH1,RORC,ANKRD12,SESN3,CTSW,TNFRSF4,C1orf21,CRIP1,HLA-DPB1,NUSAP1,FAAH2,CARD16,CXCR3,HLA-DPA1,P2RY8,CRIP1,DUSP4,ADGRG1,GADD45G,PRRG4,KLRD1,FAAH2,CARD16,PABPC1,RORC,HLA-DRA
SH3BP5,HLA-DQA2,PAG1,NR2F6,LITAF,IFNG,JUN,LOC101060038,SH3BGRL3,CD69,ACTB,KLF2,HAVCR2,DUSP2,IFNG,FTH1,SPON2,RPLP1,MT-ND4L,ID2,GZMK,ZWINT,HSPA1A,EGR1,PRDX3,BIRC5,ETV1,CCR5,PLK3,TTN,FLT3LG,GCAT,GPR56,VAT1L,IGSF5,LGALS1,RPS23,RPL34,BTG2,LTB,CARD16,ENO1,CCL4,PGAP1,AC017002.1,HPGD,NR4A1,PRF1,CST7,GZMA,NR3C1,FOS,CACYBP,CCNA2,CD27,S100A4,TMSB4X,HSP90AB1,MCUB,JUNB,LANCL2,ZWINT,SLC2A8,HAVCR2,ZBED2,ENTPD1,AC243829.4,ZBED2,THBS1,GIMAP7,C1orf21,HSPA1A,HLA-DQA1,TNFRSF18,RPS6KA2,LINC00158,LINC01871,HNRNPLL,RGCC,CCL3L1,NR3C1,TIGIT,ERN1,FKBP5,MAL,KRT86,ADGRG1,KLRD1,S100A4,MS4A1,RRM2,CCR4,TBC1D4,LITAF,NKG7,LYAR,CXCR3,RGS1,GZMH,GZMK,MS4A6A,AC068775.1,CCR4,TBC1D4,SESN3,CD69,HMGB2
SLCO3A1,CDK1,ITGAE,SERPINB6B,HCST,CD8A,ANXA1,CD7,IFNG,CD8A,PPIA,RPL17,AKAP5,CD44,NR4A1,SC5D,FLNA,RPS18,MALAT1,CD52,PDCD4,TK1,SRGN,TSPYL2,MCM5,TK1,AFAP1L2,ZBP1,CD55,TMEM2,PXN,FAM160A1,AA467197,2610019F03RIK,GZMC,RGS1,RPL11,TPT1,IER2,GAPDH,GPX1,ACTB,COX2,PABPC1,LAYN,MAGEH1,PPP1R15A,HOPX,SRRT,CPNE7,KIAA0319L,MT-ND3,DNAJA4,ZWINT,CTSC,CACYBP,CXCL13,MYL12A,GLUL,CD69,RASSF4,KIFC1,CHST12,ENTPD1,MCM5,SLC2A8,ZBED2,MCM5,SATB1,GIMAP4,SPON2,CD69,ENTPD1,CXCR6,SPART,GINS1,ITGA1,LYST,TXNIP,HLA-DPB1,LINC01871,IL1R2,MGAT4A,RNF19A,PASK,KIR3DL1,DUSP4,CST7,TMIGD2,MEF2C,HLA-DRB1,ITK,FAAH2,IGFBP4,CST7,LAIR2,AHNAK,CLECL1,CD7,IFNG,HLA-DPA1,ZNF683,ITK,FAAH2,LTB,PBX4,HLA-DRB1
P2RY8,STMN1,CCL3,FGR,ITGB2,LOC100996809,LOC101060038,GZMB,S100A4,HSPA1A,H2AFV,RPL3,PPAP2A,SH2D1A,DNAJB4,IFNGR1,RAB7L1,RPL13,,PABPC1,SMCHD1,RAD51AP1,TNFRSF9,YPEL5,LSM2,HJURP,TNFRSF9,SAMD9L,NR4A1,IL6ST,A2M,IL7R,CSF1,HECTD2,HTRA3,MYL6,RPS19,RPL18A,EGR1,RPS8,TNFRSF18,PFN1,MALAT1,SC5D,CUL9,TIGIT,GADD45G,CSF2,IFNG,DAPK2,PTPN13,MALAT1,BAG3,ASF1B,HSPA1B,HLA-C,DNAJB1,CD27,AUTS2,NR4A2,BAG3,DLGAP5,GALNT2,SLC2A8,CAV1,AC243829.4,MCM5,CAV1,S100A11,MLLT3,CLIC3,GADD45B,CHN1,GNLY,RORA,GAS7,LDLRAD4,DUSP4,PTGER4,HLA-DPA1,PPARG,MIR4435-2HG,DPP4,IL6ST,TSHZ2,ZNF683,MIR4435-2HG,KLRG1,IGFBP7,LYZ,PCNA,NMB,TIGIT,RGCC,HLA-DPB1,CST7,IVNS1ABP,CD7,GZMB,AC025164.1,LINC01480,SPRY2,NMB,TIGIT,NFKB1,NFKB1,CD74
LYAR,IL5,CD27,LRRK1,GZMA,HLA-A,KLF6,CCL3,HCST,ZFP36L2,DUT,RPL13,CTLA4,YPEL5,DUSP1,NFKBIA,PLAC8,RPL3,,BTG1,EEF1B2,KIAA0101,TMBIM6,CSRNP1,MTHFD1,UBE2C,NAB1,SIRPG,REL,NAB1,ATM,TNC,SLC16A10,MAPK11,LTB4R1,S100A10,RPS6,RPL4,PPP1R15A,COTL1,TNFRSF1B,DNPH1,ND2,BEX2,MZB1,MIR4435-1HG,ANXA1,ITGA1,CTSW,ALOX5AP,CHN1,TSC22D3,MRPL18,TOP2A,GAPDH,PFN1,HSPA1B,DUSP4,PERP,NFKBIA,HSPA1B,CDT1,ENTPD1,AC243829.4,GOLIM4,ZBED2,CAV1,GOLIM4,YIPF5,AOAH,CHST12,NR4A1,VCAM1,VCAM1,IL7R,BTNL9,GABARAPL1,MARCKSL1,ANKRD28,LYST,CCR6,TNFRSF9,SATB1,CCR4,LEF1,CCL5,PDCD1,SPON2,HOXB2,CST3,PTTG1,CRYBG1,ICOS,ZNF331,DUSP4,FCRL6,PTGER4,TSPAN13,AKAP5,ARRDC3,CCL5,CD7,CRYBG1,ICOS,SCML1,BLK,ACTB
PXN,NDFIP2,CSF1,SUV39H2,GPR56,CXCR4,CD8B,LOC101929531,CD74,KLRD1,CALM2,RPS2,CXCR6,PPIL4,MRPL18,ODF2L,S100A4,RPS6,,TMSB4X,S1PR4,MKI67,TNFRSF1B,REL,FASLG,CCNB2,PELI1,MX1,PBX4,IQGAP2,C20orf112,SERPINA9,GZMA,ART3,CD200R2,GAPDH,RPL37,RPL39,TNFAIP3,FKBP5,PIM2,CD7,ND1,KLF3,FOXP3,FOXP3,ATF3,CTSW,LYAR,AGPAT5,SMCO4,,HSPH1,CENPU,HLA-A,TMSB4X,CD74,RGS1,CD300A,PPP1R15A,HLA-DQA1,TROAP,LAG3,ZBED2,VCAM1,MCM5,GOLIM4,VCAM1,VIM,CMTM7,TGFBR3,NR4A2,GZMH,HAVCR2,MYC,CADM1,ITGAE,PIK3R1,FXYD7,ENC1,SH3TC1,TTN,SLC4A10,THADA,AP3M2,SLA2,CD200,CD8A,SPARC,FCER1G,CCNA2,MAF,RTKN2,ATP1B3,CXCL13,CD300A,GPR183,ITGAE,SLA2,CD27,H3F3B,GPR25,MAF,RTKN2,P2RY8,PABPC1,HIST1H3F
LITAF,DUSP6,RAB27A,ESM1,GZMM,GZMM,ZFP36L2,IFITM2,CCL3,CXCR4,GSTP1,LYAR,RBPJ,RGCC,HSP90AA1,TMEM66,EFHD2,RPS3A,,,LMNA,STMN1,CADM1,SKIL,SNAP47,CENPW,DFNB31,HAVCR2,TNF,SLC7A5,GPR183,SLC43A1,SFPI1,TNFSF14,LGI2,COTL1,RPL29,RPL5,FTH1,EEF1A1,UBC,TYMP,ND4,LEF1,SOX4,CARD16,TUBA1A,ZEB2,CMC1,CXCR6,CD200,,DEDD2,CENPW,HSPE1,MYL6,HSPB1,B2M,FAM102A,KLF6,HSPB1,TK1,GZMB,MCM5,PON2,CAV1,VCAM1,PON2,CCR7,FKBP4,ZEB2,DNAJB1,CTLA4,ITGAE,PLCB1,TSHZ2,NELL2,ITM2C,TTC39C,HLA-DRA,CD52,TNFRSF18,IFNGR1,TIGIT,SLC2A3,PRF1,NR3C1,PLEK,ADAM19,C1QA,PKMYT1,TNFSF8,ARID5B,TRMO,HAVCR2,COL6A2,PRNP,HLA-DRB1,S100A11,GBP5,CD200,PIK3R1,TNFSF8,ARID5B,TRABD2A,NCF1,MKI67
RAB7L1,CSF2,MIR155HG,CENPE,IFITM1,CLDND1,CXCR4,TYROBP,KLRD1,IL7R,HMGN1,RPL10A,GEM,CXCR4,HSPE1,NOSIP,KLRD1,RPL7,,,DDX21,TYMS,ACTB,PIK3R1,IFI35,GINS2,CTLA4,ACP5,IL7R,IPCEF1,EPB41,ART3,RAC3,TNFSF8,KLHL30,CFL1,RPL36,RPS5,CD69,RPLP1,S100A4,CD74,FOS,PASK,ZBTB32,HTATIP2,SERTAD1,HAVCR2,TUBA4A,TNFSF13B,TRABD2A,,DNAJA1,STMN1,HSP90AA1,SAT1,CXCR6,CD74,CMTM7,DNAJA1,FABP5,KIF2C,PDCD1,CAV1,MTSS1,GOLIM4,PON2,MTSS1,NR3C1,IL9R,DSTN,IER2,CD74,CSF1,DENND5A,CXCL13,LAG3,TNFSF9,AQP3,CCL3,FKBP5,LINC01943,PDE4D,TNIK,ICAM2,AOAH,PRDM1,CCL3,ANKRD28,APOE,HLA-DRA,CD4,IL1R2,SH2D1A,GZMA,AUTS2,S100A11,HLA-DRA,CXCR6,S100A4,ACTRT3,PABPC1,CD4,IL1R2,ARMH1,GNA15,VCAM1
CDKN2D,XCL1,LYST,CCR2,CD52,HLA-DRB4,DUSP1,IFITM3,CFL1,FOSB,SLC25A5,SPOCK2,GZMB,TUBA4A,DNAJA1,EEF1B2,KLF3,RPL32,,,GLTSCR2,CDC20,CD8A,FOXP1,SKA2,RAD51AP1,HSPB1,DDX60,RGCC,DCTN6,ADD3,PGCP,P2RY6,S1PR1,MGAT3,ACTG1,RPS3A,RPL11,TSC22D3,TNFRSF18,UGP2,PGAM1,DUSP2,PTGER2,LAPTM4B,TBC1D4,SGK1,CLIC3,ANKRD32,SYTL2,RP5-1028K7.2,,HSPD1,CLSPN,HSPB1,CD27,ALOX5AP,HSPE1,P2RY8,JUN,MS4A6A,MYBL2,CARD16,GOLIM4,CD38,VCAM1,MTSS1,CD38,TIMP1,CD8B,CD300A,PPP1R15A,PDCD1,ZBED2,CYB561,SKA1,CTSW,LITAF,ERN1,IFNG,CAPG,IKZF2,LTB,ICA1,PLAC8,GNLY,GNA15,CCL5,AHNAK,CD68,HIST1H1B,PLIN2,LINC01943,TRAT1,AC243829.4,GZMH,GLIPR1,GZMH,DUSP4,SAMD3,HLA-DQA1,LDLRAD4,PLIN2,LINC01943,PCSK1N,MAF,PCNA
GPR155,UBE2S,DGKH,KLRC1,RAP1B,DNAJB1,BTG1,KLRC4,ZNF683,HSP90AA1,CRIP1,EEF1G,VCAM1,YBX3,FOSB,LMNA,GZMB,RPL18A,,,KLF2,KIFC1,RGS2,RGCC,NDUFB3,DTL,FKBP4,PDCD1,FOSL2,DUSP4,GRAP2,2610019F03RIK,HTRA3,FAM84A,SERPINB9B,KLRB1,RPL18,RPL10,HSP90AA1,UCP2,HSPB1,PRDX1,CD69,AP3M2,AC002331.1,LTB,TAGAP,AC092580.4,APOBEC3G,PDE4D,IL6ST,,JUN,FBXO5,TNFRSF18,RGS1,RBPJ,ATP5E,MATK,SRSF7,SERPINH1,NUF2,CTLA4,VCAM1,MS4A6A,PON2,CD38,MS4A6A,ZFP36,CHORDC1,APOBEC3G,CCL4L2,PHLDA1,KLRC1,GCSAM,SERP2,HOPX,RUNX3,PTGER2,GZMH,LGALS3,LAYN,THBS1,SLC2A3,SCML1,KLRC2,TSHZ2,SAMD3,CXCR6,BCL2A1,HIST1H2AJ,TNFAIP8,SELL,CLDND1,CCL5,IFNGR1,ARL4A,SLC1A4,HLA-DRB1,SLFN5,NKG7,GLUL,TNFAIP8,SELL,BEX2,FEZ1,HIST1H2BM
STK38,TOP2A,RDH10,NT5DC2,ZNF683,GZMH,CD7,HOPX,CORO1A,MALAT1,ENO1,RPL4,NDFIP2,PIK3R1,ATF3,ZFP36,C12orf75,RPL11,,,ARID5A,CCNA2,FAIM3,PFKFB3,FABP5,SPC24,NAMPTL,SH2D3C,SIK1,RANBP2,KLRG1,WNT3,IL20RA,PGCP,GLIS1,CD99,RPS21,RPS18,HSPA8,EEF2,ACTB,CD27,ND5,SOCS3,TNFRSF9,LINC00152,NFKBIA,LAG3,DUSP2,FURIN,MFHAS1,,NR4A1,CKS1B,PARK7,HSPA1B,CACYBP,IL32,TNFSF14,SLC2A3,HLA-DPA1,CCNB2,SLA2,PON2,TOX2,MTSS1,MS4A6A,TOX2,PRNP,MT2A,CTSW,ZFP36L1,CCL5,MTSS1,CD226,ATP9A,AUTS2,CCL4,ARL4A,HLA-DQA1,GLIPR1,HPGD,NCR3,SH3TC1,IL7R,HOPX,IL21,ZEB2,RBPJ,C1QC,SMC4,PTPN13,MIR4435-2HG,GPR183,ADGRG1,RASA3,BIK,SAMSN1,YWHAH,TAGAP,GZMA,PGK1,PTPN13,MIR4435-2HG,FAAH2,S100A4,TOP2A
ADD3,HIST1H4C,CXCL13,CD244,,,,,,,,,CD7,NAA50,CACYBP,PABPC1,PRF1,,,,CHD1,TOP2A,EID1,MYADM,IFI27L2,CDCA3,MYO7A,GPR174,CSRNP1,FAM177A1,GIMAP5,TUBA8,E230016K23RIK,LIF,FCRL6,,,,,,,,,AIM1,NGFRAP1,CD27,DNAJB1,IFNG,NUCB2,PLIN2,P2RX5,,HSP90AB1,MCM7,TMSB10,CD2,OAZ1,GIMAP4,C1orf21,ZFP36L1,HLA-DRB1,GTSE1,CD27,MTSS1,CSF1,CD38,TOX2,CSF1,BTG1,MT1X,CD247,FOSB,GEM,TNFRSF9,KLRB1,TP73,CD7,DTHD1,CTSL,TNFSF9,PDCL3,CCR6,MAP3K4,FBLN7,ABLIM1,LITAF,PDE7B,ADGRG1,DPP4,C1QB,HIST1H2AI,PIM2,CCR4,TC2N,PDCD1,ITGA5,LGALS3,GALNT2,EMP3,TRAC,CCL3L1,LINC01871,PIM2,CCR4,PGAP1,ABCA1,NUSAP1
UBE2F,AIF1,TNS3,ASPM,,,,,,,,,CD9,LYST,FKBP4,EIF3E,KLRG1,,,,FAM177A1,NUF2,HSPB1,ZFP36L2,PTTG1,PKMYT1,CXCL13,RPS6KA1,GPR132,GABARAPL1,TC2N,CCR6,GPR97,TREML2,PRPH,,,,,,,,,EEF1B2,IL32,BATF,CITED2,NBL1,OASL,LMO4,FKBP5,,CHORDC1,CDK1,MYL6,DUSP4,COTL1,GZMK,LGALS3,IER2,HSPA1A,RRM2,RALA,CD38,FXYD2,MS4A6A,CSF1,FXYD2,GK,CLDND1,PLEK,CDKN1A,LSP1,ALOX5AP,IL18RAP,GNB4,ANKRD28,LYAR,KCNA3,HLA-DQB1,CD4,SAMHD1,IL17A,KLRB1,RASGRP2,LDLRAD4,SH3TC1,MATK,PLEC,HLA-DRB5,GZMA,PASK,TIAM1,TSPYL2,NAB1,GZMB,KLRC1,KRT86,RBPJ,KIAA1551,VCAM1,KLRC1,PASK,TIAM1,LMO7,CD40LG,FAM83D
CD55,TUBB,SNAP47,FAM20A,,,,,,,,,CHN1,LDHA,HSPH1,TPT1,DSTN,,,,BAZ1A,ASPM,RNF19A,USP36,ENTPD1,MELK,GOLIM4,GBP5,GLUL,RGPD6,TXNIP,WNT1,CHN2,SYNPO,LRRN4,,,,,,,,,AAED1,CRADD,ICA1,LMNA,CXCL13,TRAT1,MGAT4A,CYSLTR1,,ID3,CENPF,TPI1,TIGIT,HSP90AB1,HSPD1,SATB1,HSPA1A,RGS2,DHFR,VCAM1,MS4A6A,PLPP1,TOX2,FXYD2,PLPP1,SNX9,ENC1,LPCAT1,TSC22D3,CCL4,CTSW,TGFBI,HMOX1,YBX3,AOAH,CD69,VCAM1,GLUL,ICOS,MYBL1,CCR7,TRABD2A,LINC01871,ICOS,FCGR3A,DSE,TCF4,HLA-DPA1,ICOS,SAMHD1,CD5,LYST,SORL1,AUTS2,LINC02446,ITGAE,GIMAP7,HLA-DRA,ATP8B4,ICOS,SAMHD1,CMSS1,GCHFR,UBE2C
BIN1,CLSPN,ENTPD1,ZDHHC2,,,,,,,,,SNAP47,OAZ1,HSP90AB1,FKBP11,ITGB1,,,,DUSP2,ORC6,IFI16,TC2N,EPSTI1,ANLN,PHLDA1,GBP1,KIAA1683,CTLA4,GIMAP2,SHANK1,5031414D18RIK,SOSTDC1,HAVCR2,,,,,,,,,SNAPC1,PTPLA,ID3,IER2,DAPK2,CLDND1,ADA,BTLA,,CLK1,UBE2T,CD3D,SH3BGRL3,ACTG1,MALAT1,LINC02446,EIF4A2,DRAIC,RAD51AP1,SYNGR2,TOX2,LMCD1,CSF1,PLPP1,LMCD1,SLC16A3,GGA2,SLA2,TNFSF9,RBPJ,KIR2DL4,TPRG1,BARX2,PRF1,CD74,CCR7,SH2D1A,HOPX,UGP2,TTC39C-AS1,GPR183,SATB1,CD7,RBPJ,ENC1,MAST4,BANK1,HLA-DPB1,TSHZ2,CCR6,SDCBP,GZMH,PLEKHF1,GFPT2,ADGRG1,LGALS1,LINC00649,FTL,KIR2DL4,TSHZ2,CCR6,YES1,IFNGR1,KNL1
ISG20,IFI27,PHLDA1,UBASH3B,,,,,,,,,FAM3C,RHOH,KLF6,RPS3A,LGALS1,,,,KTN1,CENPW,LYST,FAM177A1,PDCD1,CDCA8,DNAJA4,PTPN6,RALGAPA1,CREM,TNFAIP8,OAF,VILL,WNT10A,CD244,,,,,,,,,KLF2,CARD16,UGP2,JUNB,C12orf75,TC2N,ARHGAP18,POR,,PPP1R15A,NUSAP1,PFN1,CD3D,TNFRSF18,CD2,DKK3,ID1,CD74,SKA3,NKG7,CSF1,MYL6B,FXYD2,LMCD1,MYL6B,PLIN2,TIGIT,SH2D1B,KLF6,ACP5,GEM,RIMKLB,JAM2,RUNX3,SRSF7,RASGRP2,CD27,GPR25,ARID5B,CA2,ITM2A,ALG13,CD8A,AHI1,TBX21,MT1F,TYROBP,CD74,GNA15,LTB,CRTAM,CD200R1,LITAF,,CXCR6,GZMA,PYHIN1,CDKN2C,SLA2,GNA15,LTB,ACTN1,GPR65,SMC4
RAP2B,HMMR,CD7,SAPCD2,,,,,,,,,PHLDA1,ISG20,TNFSF14,RPLP0,HIST1H1D,,,,ETS1,SGOL1,PRF1,BTG2,TRAFD1,KIAA0101,TGIF1,S100PBP,PRNP,ETS1,IL16,MAGED1,KLRA3,KCNMB1,5830473C10RIK,,,,,,,,,SELL,MAGEH1,DUSP10,ID2,F2R,LITAF,LDLRAD4,SESN1,,CARD16,DTYMK,HSP90AB1,PMAIP1,CKLF,MT-CYB,EPHA4,IFRD1,HSPD1,APOBEC3B,LSP1,GALNT2,LAG3,PLPP1,MYL6B,LAG3,CCR6,AKNA,ABI3,ZC3H12A,TNFRSF9,LAG3,ITGA5,PVR,CCL4,NKG7,PNP,CD8B,TMEM173,SELL,S100A4,ZNF331,ARID5A,MATK,GEM,LYAR,ATP2B1,SPI1,CCL4L2,SAMHD1,TNFRSF9,CYTH3,FABP5,KLF3,,NR3C1,CD8B,RCSD1,XCL1,TGFB1,SAMHD1,TNFRSF9,NELL2,AC245014.3,HIST1H3B
DUSP2,EGR1,AKAP5,SCD2,,,,,,,,,GALNT2,GZMM,DEDD2,RPL22,BIN2,,,,DDX3X,NCAPG,STAT1,TSC22D2,SIRPG,GGH,HAVCR2,IFI35,PRMT10,PNRC1,,MORN4,KLRA7,CD40LG,RASSF6,,,,,,,,,EEF1A1,GCNT1,SAMHD1,BTG2,APOBEC3G,ANXA1,CEBPD,PGM2L1,,RGS2,SMC2,PSMB9,HSP90AB1,TPI1,PNRC1,SAMD3,CCNL1,HSPA6,ESCO2,CCL5,FXYD2,IGFLR1,LMCD1,LAG3,IGFLR1,AQP3,Sep.07,S1PR1,HSPA6,NKG7,GATA3,LRRC2,QPRT,SRRT,HLA-DPB1,S100A11,CD8A,RUNX2,AC017002.3,TMIGD2,CRYBG1,BACH2,PIK3R1,RNF19A,CD8B,CLU,G0S2,GZMK,LEF1,FAS,MARCKSL1,COTL1,TBX21,,ENTPD1,APOBEC3G,NABP1,TSC22D1,PRF1,LEF1,FAS,ZBTB10,SORL1,SLC1A4
SAMD3,KPNA2,IFNG,KIF20B,,,,,,,,,MIR155HG,LITAF,MXD1,AIM1,ITGB2,,,,SKIL,TPX2,UBC,FAM65B,RGS3,AURKB,APLP2,OAS3,SORL1,ZFP36L2,,SCMH1,RANBP17,DTX1,GPR56,,,,,,,,,ARID5A,CD79B,USP15,TNFAIP3,ID2,GIMAP4,ANKRD28,AHI1,,AHSA1,CDKN3,S100A4,CFL1,PKM,MT-CO2,FRMD4B,RSRP1,HSPE1,SHCBP1,RARRES3,PLPP1,CCDC50,MYL6B,IGFLR1,CCDC50,FOXP1,C1orf21,SAMD3,REL,LY6E,LSP1,FAM241A,LHFPL6,FXYD2,RGCC,SAMSN1,FABP5,GADD45G,LTB,GPR183,CD4,PABPC1,NCR3,TMEM173,KLRF1,LINC01943,AIF1,ACTB,TIAM1,PLIN2,NR4A3,SLA2,FLNA,,NAB1,CYTOR,JAML,EDARADD,GNLY,TIAM1,PLIN2,SC5D,MPZL3,HLA-DRB5
S1PR4,TPX2,FAM3C,CCR5,,,,,,,,,FKBP1A,ARID5A,CD69,RPL5,MYL12A,,,,PABPC1,CKAP2L,CD74,STAT4,UBE2F,ASF1B,GPR56,SNAP47,FAM177A1,RGPD5,,NSG2,S1PR5,DHRS3,GZMB,,,,,,,,,RPS12,CD27,CD74,ZFP36,PTMS,IFNGR1,ZEB2,TOX,,UBB,TMEM106C,CD7,CTSC,PFN1,SRGN,AOAH,SERTAD1,CD82,ASPM,CD7,LMCD1,CD27,LAG3,CCDC50,CD27,SPOCK2,APMAP,PLAC8,CSRNP1,TSC22D3,NAP1L4,ANXA1,FAM111B,SYTL2,CCL4L2,GLIPR1,DUSP4,CLU,FCMR,NR1D1,CD200,GPCPD1,AC068775.1,FKBP5,LITAF,RUNX2,APOC1,ENC1,CYSLTR1,CD27,LYST,HNRNPLL,PLEK,,SLA2,ITGB1,,DYNLL1,LITAF,CYSLTR1,CD27,ICAM2,LST1,PTTG1
FAIM3,ZWINT,PTMS,ACSL3,,,,,,,,,CARS,LMNA,PPP1R15A,PFKFB3,DIP2A,,,,PDE4B,ASF1B,IL2RG,RGPD5,SNRPD1,CDC20,BPGM,GIMAP4,CHMP1B,ZNF331,,PAQR8,GM4956,SELL,1300014I06RIK,,,,,,,,,LSR,EPHX2,AC017002.1,DNAJA1,SYTL2,CXCR4,CD52,FABP5,,PMAIP1,FEN1,DUSP4,CARD16,HMGB2,RNF125,S1PR1,DEDD2,TOX,CDC20,CTSW,MYL6B,KIAA1324,HLA-DRA,CD27,KIAA1324,ABCG1,IL16,ABLIM1,UBC,PTMS,PDE7B,TCF7,TICRR,LGALS1,YPEL5,CDC14A,HNRNPLL,FRMD4B,GBP5,LINC01871,IGFBP4,NELL2,KIR3DL2,ITM2A,AOAH,TIMP1,PHACTR1,HIST1H2AH,SERINC5,SESN3,RASA3,ITM2A,S1PR5,,JAML,LAG3,,LYST,HOPX,SERINC5,SESN3,GPCPD1,IL18RAP,C4orf46
GIMAP4,TK1,,WEE1,,,,,,,,,IGFLR1,ZNF331,ANKRD37,GLTSCR2,PTPRE,,,,TMEM66,CKS1B,FYN,NEU1,FIBP,NCAPG,SEC14L1,PARP9,ZC3H12A,CNOT6L,,KIT,TYROBP,ST8SIA1,FILIP1,,,,,,,,,TCF7,SYNGR2,ISG15,MYLIP,CEBPD,GZMB,ARL3,LRMP,,HSPA8,TUBB,LGALS1,HSPB1,CYTIP,SRSF2,HLA-DQA2,KLF10,CD200,ASF1B,MTSS1,LAG3,CDKN2A,IGFLR1,KIAA1324,CDKN2A,,HSPE1,PROK2,PIM1,EVL,SQLE,GPR183,NUDT10,AOAH,HLA-DRB1,GATA3,APOBEC3G,ADAM19,CCR4,PNP,TCF7,TAF4B,KRT81,CORO1B,TYROBP,MIR155HG,CCL3,CCL3L1,FAS,PMCH,HNRNPLL,CD27,PRF1,,SLC7A5,MIR155HG,,CD27,GZMB,FAS,PMCH,FAM177A1,ODF2L,GZMA
TRADD,CD38,,HMMR,,,,,,,,,AMICA1,HLA-DQB1,HSPD1,RGCC,CD52,,,,GPR183,CDKN3,PTPN6,IFRD1,CLTA,DHFR,TNIP3,IFNG,TSC22D2,TGIF1,,BC048355,HEYL,TNFRSF13B,CDKN2A,,,,,,,,,GLTSCR2,HLF,WDR74,BRD2,PDCD1,PRF1,CCNG2,TSHZ2,,DOK2,MAD2L1,ENO1,HERPUD1,HSPE1,RPL13A,GPR171,AL118516.1,HLA-DPB1,CDC45,PTMS,IGFLR1,CD70,CCDC50,CDKN2A,CD70,,,TFDP2,EGR1,ITM2A,CARD16,SPEF2,KIF14,GFPT2,RGPD2,SORL1,CLDND1,,ZC3H12D,SESN1,SESN1,FCMR,SYTL2,TNFSF8,PRSS23,CTSC,BASP1,ASPM,SCML1,RGS1,KLF3,HMGB2,S100A4,,ITGB1,TXN,,HLA-DRB1,FAM177A1,SCML1,RGS1,TCF7,IL18R1,CENPF
TNFAIP3,UBE2T,,SH2D5,,,,,,,,,SIRPG,CCSER2,RHOB,SPOCK2,MYO1F,,,,MCL1,HIST1H2AJ,HLA-DRB1,PDE4B,CXCL13,KIFC1,METRNL,SIT1,P2RY8,CXCL13,,4930583H14RIK,TIFAB,CXXC5,GPR97,,,,,,,,,TMEM66,LTA,FRMD4B,ZFP36L2,ANKRD32,CLEC2B,C1GALT1,TNFSF8,,TIFA,CENPK,PPP1CA,TMSB10,CFL1,TMEM66,ITGA5,KLF2,NR4A2,PCLAF,BATF,CCDC50,ABHD6,CD27,CD70,ABHD6,,,SASH3,BTG2,PTTG1,SYNGR2,TGFBR3,SMIM24,MATK,TC2N,TLE4,SRRT,,CD27,SYTL2,TNFRSF4,ARRDC2,ITGAE,PKM,PIK3R1,MSC,SERPINA1,HIST1H1E,SESN1,NMB,RILPL2,LAG3,SYNE1,,LDLRAD4,MT1G,,CD74,TBX21,SESN1,NMB,SATB1,SNX9,FABP5
CTD-3184A7.4,NUSAP1,,MYO1E,,,,,,,,,CD63,LEPROTL1,CHORDC1,RPL10,SSBP4,,,,MT-ND2,CDK1,HNRNPC,NR4A1,NMI,TYMS,HSPH1,PYCARD,NEU1,PDE4D,,TWIST2,KLRA9,PLA2G4F,AA467197,,,,,,,,,PTGER4,ACP5,GLRX,DNAJB4,CD63,FOSB,SMCO4,ICA1,,CCT4,NUDT1,DNPH1,LINC00152,MYL6,IL7R,TRMO,ZFAND2A,VCAM1,SKA1,KIR2DL4,CD27,CTLA4,KIAA1324,ABHD6,CTLA4,,,LDHA,NFKBIZ,IFNG,CD7,CAMK4,CAV1,TSC22D3,TRAT1,RCSD1,DTHD1,,ICA1,CXCR6,MAF,C1orf162,KIR2DL1,TOX,GZMA,GPR25,ADAM28,ITM2C,TRABD2A,SNX9,EOMES,TRAT1,SAMD3,,HLA-DQB1,ITM2C,,TAGAP,DDIT4,TRABD2A,SNX9,YBX3,ERN1,HLA-DPB1
LTB,PCNA,,CENPF,,,,,,,,,ALOX5AP,SLBP,NEU1,RPS12,CTSW,,,,TSPYL2,UBE2T,UBB,,DNPH1,CKAP2L,KLRC2,RGS3,TCF7,RNF19A,,SLC12A8,AGPAT9,XCL1,ADAM8,,,,,,,,,RASGRP2,PTP4A3,GBP2,KLF2,SLA2,C12orf75,COMMD8,CD40LG,,KLF6,MCM3,ALDOA,HSPE1,RGS2,RPL36A,ANTXR2,H2AFX,BEX3,HIST1H3G,AKAP5,KIAA1324,PDCD1,CDKN2A,CTLA4,PDCD1,,,C12orf75,ACTB,BTG3,HLA-DQA1,JAML,MND1,PTGER2,LDHA,AHNAK,TNFRSF9,,IL1R1,PRNP,CITED2,FAM177A1,AUTS2,ARID5B,FLNA,,SPIB,HIST1H1C,SRGN,CD2,ENC1,CRTAM,PLAC8,,HLA-DRB5,,,FAM3C,IFITM2,SRGN,CD2,CXCR3,GYG1,AHI1
CCDC109B,CENPF,,HAVCR2,,,,,,,,,CD82,SRSF7,AHSA1,RPL9,AES,,,,YPEL5,HIST1H1B,CD8B,,PCNA,CLSPN,PMAIP1,XAF1,ZNF683,,,HSD3B7,KLRB1C,CD83,CDH17,,,,,,,,,RPL10,TIGIT,SELL,TUBB4B,GDE1,NAA50,CCR6,THADA,,TAGAP,MCM5,ARPC1B,ARL6IP5,PSMB9,RPS3,AIM2,CLK1,AIF1,CDCA3,CD38,CDKN2A,GEM,CD70,PDCD1,GEM,,,GTF3C1,CCL3,TNIP3,ATP8B4,DPP4,TIAM1,RGCC,CD8A,SOCS1,AC243829.4,,GLRX,GNA15,CH25H,ANKRD12,CRTAM,BATF,S1PR1,,C5AR1,DUSP4,IL6ST,GNA15,,CD8B,PRSS23,,AKAP5,,,GEM,SLC7A5,IL6ST,GNA15,JMJD1C,GTF3C1,KIF14
GZMK,H2AFX,,EOMES,,,,,,,,,TIGIT,DNAJB9,RGS2,RPL17,HOPX,,,,GSPT1,CENPU,HAVCR2,,ACP5,MLF1IP,DUSP4,OAS2,MYADM,,,TCF7,ENTPD1,CYR61,FCER1G,,,,,,,,,GPR183,DNPH1,LAIR2,SOCS3,CTSD,RARRES3,PERP,ADPRM,,NUDC,RFC2,MYL12A,MYL12B,SAMSN1,RPL6,IFIT2,RSRC2,DNAJA1,TYMS,RAB27A,CD70,TOX,ABHD6,GEM,TOX,,,GK5,XCL2,GZMA,PRF1,TNFSF14,KIF4A,GPR65,SLC7A5,DDIT4,TRAT1,,CCDC141,TNFAIP8,CXCR5,TXK,VCAM1,FURIN,KLF3,,CYBB,FABP5,ARID5B,LEF1,,PRF1,AC004687.1,,ANKRD28,,,TNFSF4,ANKRD28,ARID5B,LEF1,AP3M2,PIM2,POLR1E
NOSIP,CRTAM,,PAK6,,,,,,,,,AC092580.4,CREM,CITED2,ZFP36L2,IFITM2,,,,MT-ND1,NUSAP1,IRF8,,MRPL28,TROAP,IGFLR1,C5orf56,ATP2B1,,,1700019D03RIK,INSC,KLF3,EPDR1,,,,,,,,,GIMAP7,CTSC,PELI1,NR4A2,ALOX5AP,GZMM,LGALS3,DNAJB14,,DUSP1,PCNA,CALM3,UCP2,EVL,RPL10,TSPAN2,IER3,HSPH1,RAD54L,GZMH,ABHD6,HOPX,CTLA4,NUSAP1,HOPX,,,LAT2,IFRD1,GZMB,SLA2,SESN1,LMCD1,CD69,HLA-DPA1,MID1IP1,KLRG1,,TIAM1,PTPN13,CD28,SORL1,ITGA1,IL6ST,EOMES,,LINC00926,NKG7,S1PR1,FAM174B,,APOBEC3G,UPP1,,POLR1E,,,VSIR,CRIP1,S1PR1,FAM174B,RGCC,SLC7A5,CYTOR
CYTH1,ASPM,,AHR,,,,,,,,,PDCD1,WIPF1,HSPA8,NDFIP1,SELPLG,,,,SELK,CCNB1,LAG3,,FARSA,KIF2C,HSPA1A,GIMAP5,CREM,,,H2-OB,RAB3IL1,S1PR5,CHL1,,,,,,,,,RPS3A,HTATIP2,C16orf80,HSPA1B,CHST12,PIK3R1,S100A4,ID2,,PHLDA1,TUBA1B,ATP5E,UBB,HSPA8,RPS6,,BTG2,DNAJB1,TOP2A,IGFLR1,CTLA4,INPP5F,PDCD1,TOX,INPP5F,,,SPN,KLF10,HLA-DMA,SLC1A4,TMEM71,DEPDC1B,GLUL,NR4A3,TNFAIP8,EOMES,,TNIK,ZBTB16,MAL,AQP3,GABARAPL1,IL10,ADRB2,,CD19,H2AFZ,TXNIP,MAST4,,LMNB1,S1PR1,,TNFRSF9,,,PPP1R2,VPS37B,TXNIP,MAST4,FAM107B,LDHA,HIST1H2AI
SAMHD1,GTSE1,,ARSB,,,,,,,,,HLA-DRA,CALM2,CLK1,RPSA,CD47,,,,RPLP0,GGH,ATP5B,,COX5A,WDR34,ZFAND2A,ABI3,OAT,,,ROPN1L,CHIT1,FAM160A1,IL1R2,,,,,,,,,RPS13,PKM,HLA-DQB1,TSC22D3,BHLHE40,GSTP1,RBPJ,METTL8,,IL32,DUT,CFL1,MYL12A,LAPTM5,RPSAP58,,MYLIP,HIPK2,MELK,ATP8B4,PDCD1,SNAP47,GEM,HOPX,SNAP47,,,KIR3DL1,SNHG15,CD27,GOLIM4,SLAMF1,HAVCR1,GZMH,CEMIP2,INPP4B,LAG3,,RBKS,ABCB1,CORO1B,ADTRP,GLUL,GADD45G,LINC00861,,THBS1,SRRT,SC5D,SESN1,,ENC1,TYROBP,,CYTOR,,,HLA-DPB1,IKZF2,SC5D,SESN1,PRNP,LINC01871,NAB1
PHACTR2,TNFRSF18,,KLRK1,,,,,,,,,CKLF,RNF19A,TUBA1A,GCHFR,SAMD3,,,,EIF4G2,TUBB,STAT3,,MRPL51,CDK1,NDFIP2,SNX20,NFE2L2,,,XCL1,GLP1R,SH2B3,CCL3,,,,,,,,,RPL3,SAT1,GBP5,TUBA1B,CST7,HLA-DPB1,FKBP11,NAP1L4,,TIGIT,EZH2,SAT1,ARPC1B,LSP1,CREM,,MAFF,LHFPL6,CENPW,CD63,GEM,TSHZ2,TOX,INPP5F,TSHZ2,,,PRR5L,IER3,RHOB,IGFLR1,MYBL1,POLQ,SLC7A5,RNF19A,SCML4,AOAH,,LAIR2,CCNH,WDR74,FXYD7,HPGD,ICA1,HLA-DPB1,,RUBCNL,HIST1H1D,CD28,LGMN,,,ADRB2,,ZEB2,,,HMGB2,PDE4A,CD28,LGMN,SLC2A3,TGFB1,FAM3C
PPP2R5C,MYBL2,,IL10,,,,,,,,,NAB1,CD27,TAGAP,ARL4A,EMP3,,,,TGFB1,CENPF,IGFLR1,,SNRPE,KIF23,PAM,VAMP5,DNAJB9,,,CD22,HDHD3,TESPA1,SPP1,,,,,,,,,RNF125,BATF,CAST,C1orf63,LMO4,SYTL3,GPR65,SGK1,,PTGES3,HIST1H4C,LTB,PSMB9,SOD1,NBEAL1,,CSRNP1,HLA-DMA,MCM10,HOPX,TOX,HLA-DMA,NMB,SNAP47,HLA-DMA,,,AOAH,CKS2,CARD16,CSGALNACT1,STAT4,CTTN,ADGRE5,KLRG1,,TOX,,SAMSN1,TNFSF13B,DDIT4,CD28,SLC7A5,CXCR6,KLRC3,,RNASE1,IFNG,ICAM2,TSPAN13,,,ENC1,,SNX9,,,SRSF7,ZEB2,ICAM2,TSPAN13,ELL2,SYTL2,YWHAH
CDC42SE1,CKS1B,,CKAP5,,,,,,,,,RP11-291B21.2,DUSP4,MIR24-2,RPS5,PFN1,,,,CD55,MAD2L1,MGEA5,,RANBP1,PLK1,TP53INP1,IRF2,SKIL,,,FCRL1,ATG9B,LRIG1,ACOXL,,,,,,,,,SLC2A3,OTUD5,CMTM7,NFKBIZ,CD52,NR4A2,ANXA5,GPR171,,TXNIP,DEK,PKM,SRP14,UBC,RPL23A,,ID2,GK,HIST1H3B,TNFRSF18,CXCR6,SIT1,HOPX,TSHZ2,SIT1,,,KLRF1,BTG3,SNAP47,HLA-DRB1,EGR1,ABHD17C,LGALS3,CD27,,LITAF,,CXCR6,TLE1,PGAP1,P2RY8,ABCB1,CREM,CCL3L1,,KYNU,MIR155HG,GPR171,CH25H,,,ADGRG1,,CHN1,,,TNFRSF9,TYROBP,GPR171,CH25H,TESPA1,PRNP,KIF20B
LGALS3,SPC25,,ALYREF,,,,,,,,,RGS1,CALM1,DDIT3,VIM,RNF125,,,,EIF4A3,SMC2,HSPA1B,,NOP10,TOP2A,AHI1,UBASH3A,DENND4A,,,TNP2,ARAP3,IL18,ENTPD1,,,,,,,,,RPL9,ADAT2,TNFRSF4,PTGER4,OASL,SH2D1A,RBMS1,RBPJ,,SOD1,SAE1,H3F3B,DNAJA1,TIGIT,RPL30,,ZC3H12A,TSHZ2,HIST1H2AH,ADGRG1,HOPX,PYCARD,INPP5F,HLA-DMA,PYCARD,,,EFHD2,RHOB,CRTAM,CD9,SORL1,PLK4,ITM2C,FAM177A1,,PECAM1,,LINC02099,IL23R,GPCPD1,CRYBG1,KIR2DL3,FAM174B,XCL2,,EREG,HLA-DQB1,GATA3,TP53INP1,,,,,VCAM1,,,CLEC2B,PIK3AP1,GATA3,TP53INP1,TNFAIP8,ZBTB16,MIR4435-2HG
SPOCK2,CDKN3,,GEN1,,,,,,,,,LSP1,TERF2IP,CCL3,SOCS1,TMSB10,,,,PIK3R1,PRC1,COTL1,,PYCARD,NUF2,UBE2F,PARP10,SERTAD1,,,MMP10,TRPC1,NSG2,CALCA,,,,,,,,,RPS5,OAS1,RHBDD2,CCNL1,CD99,GIMAP7,GNLY,ALOX5AP,,S100A4,HMGB2,HLA-B,HLA-DRB1,CAPZB,RPL26,,BAG3,LPL,CENPU,PLPP1,CLIC3,ADGRG1,SNAP47,SIT1,ADGRG1,,,UBE2F,PNRC1,TOX,SNX9,LY9,XXYLT1-AS2,PTGER4,FABP5,,CLEC2B,,CD28,PABPC1,TBC1D4,TNFSF8,ZEB2,SMC4,SLA2,,VCAN,LYST,AP3M2,CPM,,,,,MIR155HG,,,BPGM,NCR3,AP3M2,CPM,TAF4B,AC020916.1,HIST1H1C
TSC22D3,IFNG,,IL24,,,,,,,,,LAG3,SBDS,SERTAD1,FAM177A1,ATP2B1,,,,RSL1D1,CLSPN,VCAM1,,GTF3C6,HMGB3,HSPA4,GIMAP7,YPEL5,,,FAM190A,FAM19A3,SSPO,CTNND2,,,,,,,,,RPL21,CTLA4,ISG20,ZFP36L1,SH3BGRL3,CD69,TSEN54,IFNG,,LTB,STRA13,VAMP8,CLIC1,ARPC3,RPS21,,SNHG12,C16orf45,CDCA8,MCM5,INPP5F,PTMS,TSHZ2,TUBB,PTMS,,,FTL,PER1,CHST12,SYTL2,ADRB2,ARMC9,GNLY,ATP1B3,,ITM2C,,CTSC,S100A6,ARMH1,BEX2,GPR65,ZEB2,SRRT,,TREM1,CCL4,TESPA1,CTNNAL1,,,,,MYO1E,,,GBP5,,TESPA1,CTNNAL1,TXK,FAM177A1,RBPJ
YWHAQ,AURKA,,ECT2,,,,,,,,,KLRC1,RPL27A,CDC42EP3,RPL7,CALM1,,,,IDI1,RNASEH2A,HLA-DMA,,CCR5,ASPM,ICOS,GBP4,BCL6,,,LTA,SERPINB1A,TBC1D4,NEB,,,,,,,,,MBP,GLRX,MRPL1,DDX3X,LGALS1,HCST,GYG1,RGS2,,UBC,NME1,SRP14,SERF2,S100A11,PABPC1,,TNF,ZFAND2A,CDK1,CSF1,SNAP47,HIPK2,HLA-DMA,PYCARD,HIPK2,,,UPP1,HNRNPDL,COTL1,CTSD,CD83,C17orf53,IFNG,ZNF331,,PYHIN1,,LEF1,HPGD,GEM,PGAP1,CST7,TBC1D4,IFNG,,FN1,HLA-DQA1,GPR183,FCMR,,,,,NBL1,,,CRTAM,,GPR183,FCMR,PLAC8,RELB,HLA-DQB1
GIMAP1,FEN1,,MKI67,,,,,,,,,HLA-DQA1,FAM177A1,GADD45B,STAT4,CLIC3,,,,RPS12,CENPE,PDE7B,,GSTO1,MCM2,CHORDC1,PVRIG,EGR1,,,DYNC2LI1,QSER1,SH3BP5,LY6G5B,,,,,,,,,GIMAP5,MIR4435-1HG,HLA-DRB1,FUS,MYO1F,KPNA2,TMEM167A,NPDC1,,DYNLL1,HLA-DRA,PRR13,MIR4435-1HG,ARPC2,RPL5,,DDIT4,CD80,CENPA,TNFSF10,TSHZ2,LSP1,SIT1,ADGRG1,LSP1,,,SLC9A3R1,IFITM3,CD70,NELL2,SCML4,VCAM1,CAPG,EPHA4,,SAMD3,,SETD7,LTK,INPP4B,PTGER4,GPR15,AC017002.3,YBX3,,MS4A7,SH2D1A,SLC2A3,MAF,,,,,GPR25,,,MIR155HG,,SLC2A3,MAF,RASA3,SLC4A10,ASPM
DSTN,GINS2,,GTF2IRD1,,,,,,,,,CAPG,LYAR,ABHD3,RPL10A,BHLHE40,,,,RSL24D1,MCM7,TBC1D4,,OAS3,ORC6,TRPS1,CYTH4,PDE4B,,,DPYSL5,WDR31,P2RX7,UPP1,,,,,,,,,CCDC109B,LTB,RPS27L,SOCS1,CXCR6,HLA-DPA1,RORA,FBXO32,,SAT1,DNAJC9,GBP2,HLA-DPB1,DNPH1,RPS12,,SGK1,ETV1,ANLN,SNAP47,HLA-DMA,FAM3C,HLA-DRB1,PTMS,FAM3C,,,GNPTAB,SKAP1,ITGAE,PDE3B,ABCB1,PAX9,SLA2,APOBEC3G,,GIMAP4,,BEX3,SNX9,ALG13,MAML2,NKG7,SERINC5,LGALS1,,RNF130,CCL5,ANKRD12,CD4,,,,,HAVCR2,,,IL2,,ANKRD12,CD4,FOXP1,IL27RA,HLA-DQA1
C16orf54,,,GZMA,,,,,,,,,LGALS3,COTL1,BTG2,RPL3,LYAR,,,,SLC7A5,FBXO5,SNAP47,,IGFLR1,CASC5,TBC1D4,DTX3L,ANXA1,,,AICDA,RIPPLY3,TNP2,AOAH,,,,,,,,,RPL30,TBC1D4,UBE2B,CXCR4,MAP3K8,YPEL5,LPIN2,TGIF1,,MALAT1,CBX5,CKLF,HSPD1,ENO1,RPS3A,,SNHG15,NMB,DIAPH3,LINC01871,SIT1,SLC1A4,PYCARD,CKS1B,SLC1A4,,,ABHD17A,TUBB2A,ITGB2,RALA,PRNP,SKA3,ABCB1,SAMD3,,MIR155HG,,TRAC,ARL4A,SELL,BEX3,GZMH,SRGN,HOPX,,RASGEF1B,HIST1H3B,FAM107B,IL6ST,,,,,KLRD1,,,GZMH,,FAM107B,IL6ST,ABLIM1,DSE,GZMB
,,,,,,,,,,,,,,,,,,,,,,,,,,,,,,,,,,,,,,,,,,,,,,,,,,,,,,,,,,,DNAJB4,DEDD2,CDCA2,MYO1E,PYCARD,NUDT1,ADGRG1,HIPK2,NUDT1,,,IRF1,SAT1,CTSD,BATF,GLIPR1,PBK,XCL2,TSPYL2,,PIK3R1,,ENTPD1,GLIPR1,LEF1,PCSK1N,METRNL,MFHAS1,RUNX3,,BLK,CDKN2C,RORA,IPCEF1,,,,,RUNX2,,,LRRN3,,RORA,IPCEF1,SDCBP,S100A11,H1FX
,,,,,,,,,,,,,,,,,,,,,,,,,,,,,,,,,,,,,,,,,,,,,,,,,,,,,,,,,,,NR4A3,CMC1,NCAPG,ZBED2,ADGRG1,DNPH1,HLA-DQA1,LSP1,DNPH1,,,AGPAT4,CD52,CD82,PPM1G,KCNA3,SESTD1,GALNT2,PECAM1,,PLEK,,MAST4,AHNAK,CPM,INPP4B,ADGRE5,CYTOR,TNFSF9,,FTL,CENPE,SOCS1,IKZF2,,,,,SYTL2,,,KCNK5,,SOCS1,IKZF2,TLE4,MYBL1,RGS1
,,,,,,,,,,,,,,,,,,,,,,,,,,,,,,,,,,,,,,,,,,,,,,,,,,,,,,,,,,,NFKBID,PON2,GINS2,AHI1,PRF1,HSPA6,HLA-DPA1,FAM3C,IL7R,,,PRSS23,DDIT4,CLEC2B,AKAP5,MPZL3,CD200,,RGS1,,FASLG,,CORO1B,NFKB1,IL6R,AC119396.1,IKZF2,NMB,SLAMF7,,C1orf162,HIST1H2AM,LTB,NABP1,,,,,MAST4,,,HAVCR2,,LTB,NABP1,ANKRD12,AHNAK,HIST1H3H
,,,,,,,,,,,,,,,,,,,,,,,,,,,,,,,,,,,,,,,,,,,,,,,,,,,,,,,,,,,SCML1,SEMA4A,SGO1,ABI3,PTMS,HSPA1B,PTMS,SLC1A4,GPR183,,,AKNA,SLC38A2,NAMPT,CHST12,,GRK3,,CLEC2B,,RUNX3,,TRAF1,FURIN,SOCS1,CXCR5,RGCC,ZBED2,APOBEC3G,,ARHGAP24,CYTOR,DDIT4,PRDM1,,,,,CARS,,,DUSP4,,DDIT4,PRDM1,ALG13,EMP3,LMNB1
,,,,,,,,,,,,,,,,,,,,,,,,,,,,,,,,,,,,,,,,,,,,,,,,,,,,,,,,,,,RASD1,ENC1,MAD2L1,FASLG,HIPK2,HSPA1A,HIPK2,NUDT1,LMNA,,,SORL1,TUBB,PIM3,RGS2,,PRRG4,,EOMES,,MCOLN2,,SLAMF1,YWHAH,PTGER4,LINC00402,AKAP5,PLIN2,ARRDC3,,MIR155HG,HIST1H3F,MAL,JMY,,,,,LAYN,,,CDC42EP3,,MAL,JMY,EMP3,LGALS3,MXD3
,,,,,,,,,,,,,,,,,,,,,,,,,,,,,,,,,,,,,,,,,,,,,,,,,,,,,,,,,,,ATF4,CDKN2C,GGH,TYMP,CHST12,DNAJB1,LSP1,DNPH1,ANXA1,,,MGAT1,PPP1R18,SIRPG,SEC14L1,,RAB38,,KLF3,,SLF1,,WDR74,LGALS3,AHI1,CCR4,SPRY2,BCL2L11,PTGER2,,TIMP1,HIST1H2AG,RILPL2,TTN,,,,,ACP5,,,TXNIP,,RILPL2,TTN,FCMR,TC2N,PDCD1
,,,,,,,,,,,,,,,,,,,,,,,,,,,,,,,,,,,,,,,,,,,,,,,,,,,,,,,,,,,AREG,GRAMD1A,CKAP2L,ZBTB38,LSP1,CCL4,FAM3C,STMN1,VIM,,,OSTF1,EVL,NDFIP2,GPR65,,VANGL1,,CXCR3,,EDARADD,,SNX9,MCAM,AP3M2,IL6R,CD8B,ALOX5AP,MCOLN2,,IRF8,CD70,RNF19A,ZNF831,,,,,BCL2L11,,,RASL11A,,RNF19A,ZNF831,SAMHD1,SATB1,HIST1H4H
,,,,,,,,,,,,,,,,,,,,,,,,,,,,,,,,,,,,,,,,,,,,,,,,,,,,,,,,,,,RASGEF1B,MYL6B,KIF11,CTSB,FAM3C,CCL4L2,SLC1A4,HIST1H4C,FTH1,,,SH2D2A,CLIC1,MTHFD2,ID2,,FAM72B,,CD8B,,LYAR,,TMEM173,AC020916.1,ICOS,ZBTB10,WHRN,LINC01943,P2RY8,,IGHV1-69D,CRIP1,SH3TC1,IL18R1,,,,,SPRY1,,,NKRF,,SH3TC1,IL18R1,PTGER2,KMT2E-AS1,CDKN2A
,,,,,,,,,,,,,,,,,,,,,,,,,,,,,,,,,,,,,,,,,,,,,,,,,,,,,,,,,,,AC020916.1,BCAT1,CLSPN,PLSCR1,SLC1A4,BAG3,NUDT1,TUBA1B,MBP,,,RASA3,ZNF683,ICOS,SLC2A8,,DPF3,,VPS37B,,TTN,,CCNG2,ANKRD28,SATB1,ITGA6,VPS37B,CITED2,IFNGR1,,RALGPS2,MSC,CXCL13,TSC22D3,,,,,,,,PTTG1,,CXCL13,TSC22D3,LITAF,PNP,ITGAE
,,,,,,,,,,,,,,,,,,,,,,,,,,,,,,,,,,,,,,,,,,,,,,,,,,,,,,,,,,,DDIT3,ARMH1,KNL1,NAP1L4,NUDT1,DUSP1,DNPH1,MKI67,CD55,,,SLC43A2,CCND3,SEC14L1,CARS,,KIF7,,METRNL,,SLAMF7,,FAM184A,GYG1,LHFPL6,ARMH1,GYG1,TP53INP1,AL118516.1,,POU2F2,PKM,,ICAM2,,,,,,,,LGALS1,,,ICAM2,SORL1,GFPT2,HIST1H2BH
,,,,,,,,,,,,,,,,,,,,,,,,,,,,,,,,,,,,,,,,,,,,,,,,,,,,,,,,,,,SNHG8,TIAM1,FOXM1,AFAP1L2,DNPH1,FOS,CCR7,HMGN2,TGFB1,,,LITAF,LTB,CTSC,CTLA4,,ETV1,,P2RY8,,CEMIP2,,CYTOR,IL22,ZCCHC12,RILPL2,IFITM2,CD7,TUBB4A,,LGALS1,APOBEC3G,,LINC02099,,,,,,,,ARRDC3,,,LINC02099,TNFSF8,CA2,CENPE
,,,,,,,,,,,,,,,,,,,,,,,,,,,,,,,,,,,,,,,,,,,,,,,,,,,,,,,,,,,CITED2,PIKFYVE,ORC6,ITGAE,GNLY,SERPINH1,XCL1,UBE2C,CCR7,,,RASSF5,CD48,APOBEC3C,CD3D,,HAVCR2,,TNFRSF9,,BICDL1,,S100A4,DSE,PDE7B,FOXP1,LGALS1,HAVCR2,GABARAPL1,,CAPG,PRRG4,,CD28,,,,,,,,ULBP2,,,CD28,MAL,NCR3,HLA-DPA1
,,,,,,,,,,,,,,,,,,,,,,,,,,,,,,,,,,,,,,,,,,,,,,,,,,,,,,,,,,,TXNIP,MRPL18,TUBB,TNS3,SLA2,NR4A2,XCL2,HIST1H1B,S100A10,,,TGFB1,CCNH,CD38,CD63,,AFAP1L2,,IFNGR1,,TIGIT,,PMCH,IL18RAP,ARID5A,TESPA1,TBX21,CADM1,PYHIN1,,CD70,KIF14,,PIM2,,,,,,,,CGAS,,,PIM2,NSG1,TMIGD2,CD8B
,,,,,,,,,,,,,,,,,,,,,,,,,,,,,,,,,,,,,,,,,,,,,,,,,,,,,,,,,,,TOB1,INPP5F,TCF19,DUSP16,CD7,IFNG,CRTAM,CENPF,KLRB1,,,AUTS2,GSTK1,NFKBIZ,GRAMD1A,,C16orf45,,YBX3,,PRF1,,SESN3,SVIL,ARID5B,YPEL5,TLE1,G0S2,CD300A,,LY86,MIR4435-2HG,,LAIR2,,,,,,,,HLA-DQB1,,,LAIR2,APBA2,SESN1,ITGA1
,,,,,,,,,,,,,,,,,,,,,,,,,,,,,,,,,,,,,,,,,,,,,,,,,,,,,,,,,,,PIM2,LMCD1,CDC6,CASP1,ISG15,NFKBIA,LANCL2,HIST1H1E,MARCKSL1,,,SYNE1,ACTG1,SYNGR2,ASB2,,VSIG10,,ZEB2,,CD200R1,,ADTRP,NINJ1,RILPL2,LPAR6,CD160,RDH10,PTGDR,,RILPL2,KIF20B,,BCL2L11,,,,,,,,ICOS,,,BCL2L11,RIPOR2,HPGD,SLF1
,,,,,,,,,,,,,,,,,,,,,,,,,,,,,,,,,,,,,,,,,,,,,,,,,,,,,,,,,,,SOCS3,SESN3,NCAPG2,CARS,ISG20,ZFAND2A,DUT,HMGB1,ANXA2,,,S1PR4,NEAT1,TANK,MAST4,,PTMS,,AUTS2,,SRSF7,,ANKRD12,KDSR,YPEL5,CMSS1,CAPG,KIAA0319L,FCRL6,,S100A11,LAG3,,FOXP1,,,,,,,,SDCBP,,,FOXP1,ITGA6,,DUSP4
,,,,,,,,,,,,,,,,,,,,,,,,,,,,,,,,,,,,,,,,,,,,,,,,,,,,,,,,,,,GADD45G,CCDC6,FANCI,DUSP5,OASL,GADD45B,REL,HIST1H1D,GNLY,,,HSH2D,HLA-DQB1,HNRNPLL,MT2A,,CCDC141,,,,RGS1,,CRADD,,ZBTB10,RIPOR2,PTGDR,,MYBL1,,TXN,ATAD5,,TNFAIP8,,,,,,,,TP53INP1,,,TNFAIP8,NOSIP,,BIRC5
,,,,,,,,,,,,,,,,,,,,,,,,,,,,,,,,,,,,,,,,,,,,,,,,,,,,,,,,,,,RGS16,KIAA1324,FAM111B,IFIT1,ANXA1,CCL3,GSTP1,H2AFZ,TCF7,,,ARPC2,KCNA3,ACTB,PGK1,,TNFRSF9,,,,TAGAP,,FRMD4B,,HOOK2,ZNF331,ATP1B1,,LILRB1,,S100A6,GZMH,,PPP1R2,,,,,,,,CARD16,,,PPP1R2,SERINC5,,CTNNAL1
,,,,,,,,,,,,,,,,,,,,,,,,,,,,,,,,,,,,,,,,,,,,,,,,,,,,,,,,,,,TIPARP,CHN1,DTL,SLC1A4,GZMB,JUNB,PKM,KIF22,KLF3,,,,STAT1,HNRNPDL,FKBP1A,,SEMA4A,,,,ITM2A,,CD4,,TRIM8,EMP3,AC007384.1,,AC004687.1,,JCHAIN,CCL3,,IRF4,,,,,,,,AC243829.4,,,IRF4,FXYD7,,GALM
,,,,,,,,,,,,,,,,,,,,,,,,,,,,,,,,,,,,,,,,,,,,,,,,,,,,,,,,,,,NFKBIZ,ANKRD10,TPX2,GOLIM4,MX1,NR4A1,SELENOH,HMGB2,FOS,,,,BHLHE40,TUBB,DUSP4,,ENTPD1,,,,PTTG1,,ZC2HC1A,,FCMR,GIMAP7,TNIP3,,PLAC8,,DDAH2,CDC20,,NAB1,,,,,,,,CTNNAL1,,,NAB1,ATM,,HIST1H2AJ
,,,,,,,,,,,,,,,,,,,,,,,,,,,,,,,,,,,,,,,,,,,,,,,,,,,,,,,,,,,CCL4,CD70,CENPH,RSAD2,RPS26,DNAJA1,CD74,PKMYT1,RPS12,,,,ZFP36L2,CLIC1,GNG4,,HLA-DQA1,,,,RNF19A,,IL6R,,SRGN,WDR74,LYAR,,AUTS2,,,HIST1H2AL,,LAYN,,,,,,,,NFKBIE,,,LAYN,CD28,,HIST1H2AL
,,,,,,,,,,,,,,,,,,,,,,,,,,,,,,,,,,,,,,,,,,,,,,,,,,,,,,,,,,,CD83,PRRG4,MCM2,DNPH1,PBXIP1,PPP1R15A,NME2,H2AFV,PRNP,,,,GZMA,SKAP1,CAPG,,AKAP5,,,,CTSC,,THADA,,ZDBF2,RIC3,CLDND1,,,,,VCAM1,,AHR,,,,,,,,MIR181A1HG,,,AHR,,,ITM2A
,,,,,,,,,,,,,,,,,,,,,,,,,,,,,,,,,,,,,,,,,,,,,,,,,,,,,,,,,,,PPP1R10,TNFSF4,SMC2,NBL1,LEPROTL1,HSPB1,RPLP0,CDT1,KLF2,,,,TUBB4B,CBLB,PHLDA1,,CD200R1,,,,XCL2,,CD177,,DRAIC,CYSLTR1,LAG3,,,,,,,TXNIP,,,,,,,,NMB,,,TXNIP,,,HIST1H1E
,,,,,,,,,,,,,,,,,,,,,,,,,,,,,,,,,,,,,,,,,,,,,,,,,,,,,,,,,,,CCL4L2,CORO1B,CKS1B,ACOT9,RSAD2,HSPH1,TCF7,PCNA,PABPC1,,,,TNFAIP3,HMGB2,RBPJ,,,,,,PDCD1,,RORA,,NDUFV2-AS1,ITGB1,CLEC2B,,,,,,,ZC3H12D,,,,,,,,HLA-DRB5,,,ZC3H12D,,,SAP18
,,,,,,,,,,,,,,,,,,,,,,,,,,,,,,,,,,,,,,,,,,,,,,,,,,,,,,,,,,,SESN2,DNAJB4,CCDC34,ABHD6,SELPLG,KLF6,,DUT,ABLIM1,,,,PMAIP1,BLOC1S1,SAMSN1,,,,,,SLA,,ATP1B1,,CTLA4,CD5,ALOX5AP,,,,,,,ADTRP,,,,,,,,PYHIN1,,,ADTRP,,,CDCA2
,,,,,,,,,,,,,,,,,,,,,,,,,,,,,,,,,,,,,,,,,,,,,,,,,,,,,,,,,,,CHMP1B,MAGEH1,STMN1,OAS1,ARHGAP9,RGS1,,CKS2,RPS16,,,,TUBA1A,IFI6,HLA-DRB5,,,,,,TNIP3,,PFKFB3,,RNF130,SAMHD1,TGFB1,,,,,,,RORA,,,,,,,,SMC4,,,RORA,,,ZNF367
,,,,,,,,,,,,,,,,,,,,,,,,,,,,,,,,,,,,,,,,,,,,,,,,,,,,,,,,,,,LEF1,ICAM1,ATAD5,SLC27A2,ATP1B3,ATF3,,ASPM,KLRD1,,,,CCL5,IGFLR1,MYO7A,,,,,,XCL1,,LINC02195,,PRMT9,SERINC5,LGALS3,,,,,,,DUSP4,,,,,,,,CENPF,,,DUSP4,,,SOX4
,,,,,,,,,,,,,,,,,,,,,,,,,,,,,,,,,,,,,,,,,,,,,,,,,,,,,,,,,,,CSKMT,GGT1,ECT2,ZBP1,CCL5,DEDD2,,TPX2,GZMM,,,,SCML4,IFI16,RAB27A,,,,,,,,CD70,,BEX2,,RUNX3,,,,,,,SAMSN1,,,,,,,,CITED2,,,SAMSN1,,,CCL3
,,,,,,,,,,,,,,,,,,,,,,,,,,,,,,,,,,,,,,,,,,,,,,,,,,,,,,,,,,,HEXIM1,NINJ2,CENPE,CD200R1,RARRES3,RGS2,,BIRC5,CDKN1A,,,,XCL1,SAMSN1,SYTL3,,,,,,,,MIR181A1HG,,TP53INP1,,GALNT2,,,,,,,HMGB2,,,,,,,,RASGEF1B,,,HMGB2,,,MIS18BP1
,,,,,,,,,,,,,,,,,,,,,,,,,,,,,,,,,,,,,,,,,,,,,,,,,,,,,,,,,,,HSPA2,BLVRA,UBE2T,OAS3,S100A11,XCL1,,TOP2A,RPL3,,,,BCL2A1,DUSP4,ETV1,,,,,,,,FAM122C,,KIAA0319L,,IFNG,,,,,,,PBX4,,,,,,,,PLIN2,,,PBX4,,,LGALS1
,,,,,,,,,,,,,,,,,,,,,,,,,,,,,,,,,,,,,,,,,,,,,,,,,,,,,,,,,,,MRPL18,FAAH2,HIST1H1D,CMPK2,ANXA2,HSP90AA1,,CENPW,SLC2A3,,,,SNHG12,BHLHE40,ATP10D,,,,,,,,AC007384.1,,PABPC1,,HAVCR2,,,,,,,RAB9A,,,,,,,,THEMIS,,,RAB9A,,,HIST1H1B
,,,,,,,,,,,,,,,,,,,,,,,,,,,,,,,,,,,,,,,,,,,,,,,,,,,,,,,,,,,RBKS,TOX2,NCAPH,TNFSF4,IFIT1,HSPD1,,ZWINT,GLUL,,,,CYTIP,CKS2,CD82,,,,,,,,ICAM2,,PMCH,,ANKRD28,,,,,,,GPR183,,,,,,,,SLAMF7,,,GPR183,,,BRCA2
,,,,,,,,,,,,,,,,,,,,,,,,,,,,,,,,,,,,,,,,,,,,,,,,,,,,,,,,,,,CD55,SLK,NRM,POLR1E,IFIT3,CRTAM,,ANP32B,RPL13,,,,MCL1,CCL4L2,PKIA,,,,,,,,CD7,,MAML2,,SPRY1,,,,,,,GBP5,,,,,,,,CD200R1,,,GBP5,,,TROAP
,,,,,,,,,,,,,,,,,,,,,,,,,,,,,,,,,,,,,,,,,,,,,,,,,,,,,,,,,,,ARRDC2,CCDC141,BRCA2,CADM1,CREM,HSP90AB1,,CDCA5,RPL32,,,,RORA,ARL6IP5,PTMS,,,,,,,,GNG8,,TNFAIP8,,,,,,,,,CTSC,,,,,,,,IPCEF1,,,CTSC,,,HIST1H1D
,,,,,,,,,,,,,,,,,,,,,,,,,,,,,,,,,,,,,,,,,,,,,,,,,,,,,,,,,,,SC5D,ATF3,ARHGAP11A,HELZ2,CRIP1,ZFP36L1,,CDK1,RPS29,,,,ITGB2,GBP5,S100A4,,,,,,,,IL6ST,,ZNF831,,,,,,,,,ITK,,,,,,,,CTSC,,,ITK,,,
,,,,,,,,,,,,,,,,,,,,,,,,,,,,,,,,,,,,,,,,,,,,,,,,,,,,,,,,,,,FAM53C,INPP1,KIF23,SYTL2,TAGLN2,CMC1,,CKAP2L,CD44,,,,ACAP1,VAMP2,HMOX1,,,,,,,,PIM2,,GNG4,,,,,,,,,GEM,,,,,,,,PRDM1,,,GEM,,,
,,,,,,,,,,,,,,,,,,,,,,,,,,,,,,,,,,,,,,,,,,,,,,,,,,,,,,,,,,,ATP2B1-AS1,FAM3C,BUB1,AGPAT2,SRGN,GZMK,,SMC4,RPS27,,,,IFITM2,PAG1,RARRES3,,,,,,,,FBLN7,,CREM,,,,,,,,,CREM,,,,,,,,FOXN2,,,CREM,,,
,,,,,,,,,,,,,,,,,,,,,,,,,,,,,,,,,,,,,,,,,,,,,,,,,,,,,,,,,,,IFNG,GADD45G,MASTL,UBE2F,SLC7A5,HSPE1,,TK1,TPT1,,,,EZR,PRF1,CD2,,,,,,,,LRRC32,,FAM177A1,,,,,,,,,RELB,,,,,,,,CD70,,,RELB,,,
,,,,,,,,,,,,,,,,,,,,,,,,,,,,,,,,,,,,,,,,,,,,,,,,,,,,,,,,,,,MYC,APP,CENPM,GIMAP6,RALA,FOSB,,PTTG1,,,,,RGS16,ANKRD10,EID1,,,,,,,,IPCEF1,,NMB,,,,,,,,,VSIR,,,,,,,,GBP3,,,VSIR,,,
,,,,,,,,,,,,,,,,,,,,,,,,,,,,,,,,,,,,,,,,,,,,,,,,,,,,,,,,,,,TSC22D2,MAL,CDKN3,ZBTB32,APOBEC3G,CACYBP,,ASF1B,,,,,MYADM,RAB27A,APLP2,,,,,,,,GPCPD1,,BATF,,,,,,,,,RHOH,,,,,,,,RGS1,,,RHOH,,,
,,,,,,,,,,,,,,,,,,,,,,,,,,,,,,,,,,,,,,,,,,,,,,,,,,,,,,,,,,,SERPINH1,SIT1,CENPN,RIN3,PLSCR1,XCL2,,CENPM,,,,,TMSB10,CDKN2A,PKM,,,,,,,,FOXP1,,SC5D,,,,,,,,,SLAMF1,,,,,,,,GLA,,,SLAMF1,,,
,,,,,,,,,,,,,,,,,,,,,,,,,,,,,,,,,,,,,,,,,,,,,,,,,,,,,,,,,,,LRIF1,DRAM1,NDC80,PLEKHF1,LITAF,JUN,,CDKN3,,,,,SNHG8,ITGA4,CAMK4,,,,,,,,BCL2L11,,PFKFB3,,,,,,,,,P2RY10,,,,,,,,TIFA,,,P2RY10,,,
,,,,,,,,,,,,,,,,,,,,,,,,,,,,,,,,,,,,,,,,,,,,,,,,,,,,,,,,,,,ARRDC3,CLECL1,RNASEH2A,CHPF,FTH1,CD69,,MAD2L1,,,,,STOM,RNF213,PTPN22,,,,,,,,RGS1,,CD5,,,,,,,,,GLRX,,,,,,,,EOMES,,,GLRX,,,
,,,,,,,,,,,,,,,,,,,,,,,,,,,,,,,,,,,,,,,,,,,,,,,,,,,,,,,,,,,ILF3-DT,MDFIC,LIG1,PACSIN2,TGFB1,MALAT1,,CDC20,,,,,CMC2,THEMIS,KRT81,,,,,,,,FAAH2,,CYSLTR1,,,,,,,,,SH2D1A,,,,,,,,TOX,,,SH2D1A,,,
,,,,,,,,,,,,,,,,,,,,,,,,,,,,,,,,,,,,,,,,,,,,,,,,,,,,,,,,,,,INTS6,PMCH,PRC1,ABCB1,TNFSF10,TAGAP,,DNAJC9,,,,,RGS1,PKM,IL2RB,,,,,,,,GEM,,CD40LG,,,,,,,,,RBKS,,,,,,,,SLF1,,,RBKS,,,
,,,,,,,,,,,,,,,,,,,,,,,,,,,,,,,,,,,,,,,,,,,,,,,,,,,,,,,,,,,ZNF10,HLA-DMB,HIST1H2AM,SPATS2L,GGA2,CHORDC1,,KIFC1,,,,,RPS10,LYST,ZNF282,,,,,,,,DUSP10,,SNX9,,,,,,,,,RNF19A,,,,,,,,TNFSF14,,,RNF19A,,,
,,,,,,,,,,,,,,,,,,,,,,,,,,,,,,,,,,,,,,,,,,,,,,,,,,,,,,,,,,,PRMT9,PHF6,DEPDC1B,USP18,IFITM3,PMAIP1,,CCNA2,,,,,ZC3HAV1,MYL12A,CREBZF,,,,,,,,LGMN,,PGM2L1,,,,,,,,,SOCS1,,,,,,,,TNFAIP8,,,SOCS1,,,
,,,,,,,,,,,,,,,,,,,,,,,,,,,,,,,,,,,,,,,,,,,,,,,,,,,,,,,,,,,ATM,AFAP1L2,PHGDH,TMEM9,,GLA,,TMEM106C,,,,,ZNF331,ITGB7,GTF3C1,,,,,,,,TSPYL2,,TOX,,,,,,,,,TSPYL2,,,,,,,,FASLG,,,TSPYL2,,,
,,,,,,,,,,,,,,,,,,,,,,,,,,,,,,,,,,,,,,,,,,,,,,,,,,,,,,,,,,,SELL,BTN2A2,E2F1,KLRC1,,MRPL18,,CENPN,,,,,MYL12A,SNHG12,PRDX5,,,,,,,,PKIA,,ITK,,,,,,,,,TRAF1,,,,,,,,PECAM1,,,TRAF1,,,
,,,,,,,,,,,,,,,,,,,,,,,,,,,,,,,,,,,,,,,,,,,,,,,,,,,,,,,,,,,AC243960.1,CCL4L2,TIMELESS,MPST,,ID2,,CENPU,,,,,BRD2,NAB1,PRKAR1A,,,,,,,,PRDM1,,CMSS1,,,,,,,,,44258,,,,,,,,BCL2A1,,,03.Mar,,,
,,,,,,,,,,,,,,,,,,,,,,,,,,,,,,,,,,,,,,,,,,,,,,,,,,,,,,,,,,,,,,,,HSPA8,,HIST2H2AC,,,,,,,,,,,,,,,FAS,,TIAM1,,,,,,,,,ENTPD1,,,,,,,,AC243960.1,,,ENTPD1,,,
,,,,,,,,,,,,,,,,,,,,,,,,,,,,,,,,,,,,,,,,,,,,,,,,,,,,,,,,,,,,,,,,RSRP1,,ACTB,,,,,,,,,,,,,,,NABP1,,GLIPR1,,,,,,,,,SOX4,,,,,,,,DDAH2,,,SOX4,,,
,,,,,,,,,,,,,,,,,,,,,,,,,,,,,,,,,,,,,,,,,,,,,,,,,,,,,,,,,,,,,,,,,,,,,,,,,,,,,,,,,SOX4,,PLIN2,,,,,,,,,MAL,,,,,,,,IL10,,,MAL,,,
,,,,,,,,,,,,,,,,,,,,,,,,,,,,,,,,,,,,,,,,,,,,,,,,,,,,,,,,,,,,,,,,,,,,,,,,,,,,,,,,,HOXB2,,SERINC5,,,,,,,,,,,,,,,,,MBNL2,,,,,,
,,,,,,,,,,,,,,,,,,,,,,,,,,,,,,,,,,,,,,,,,,,,,,,,,,,,,,,,,,,,,,,,,,,,,,,,,,,,,,,,,LINC00649,,SCML1,,,,,,,,,,,,,,,,,NAF1,,,,,,
,,,,,,,,,,,,,,,,,,,,,,,,,,,,,,,,,,,,,,,,,,,,,,,,,,,,,,,,,,,,,,,,,,,,,,,,,,,,,,,,,GCNT1,,CHN1,,,,,,,,,,,,,,,,,,,,,,,
,,,,,,,,,,,,,,,,,,,,,,,,,,,,,,,,,,,,,,,,,,,,,,,,,,,,,,,,,,,,,,,,,,,,,,,,,,,,,,,,,YPEL2,,G0S2,,,,,,,,,,,,,,,,,,,,,,,
,,,,,,,,,,,,,,,,,,,,,,,,,,,,,,,,,,,,,,,,,,,,,,,,,,,,,,,,,,,,,,,,,,,,,,,,,,,,,,,,,F5,,,,,,,,,,,,,,,,,,,,,,,,,